일자,계(명),서울,부산,대구,대전,경기
2020-01-20,0,0,0,0,0,0
2020-01-21,0,0,0,0,0,0
2020-01-22,0,0,0,0,0,0
2020-01-23,0,0,0,0,0,0
2020-01-24,1,1,0,0,0,0
2020-01-25,0,0,0,0,0,0
2020-01-26,1,0,0,0,0,1
2020-01-27,1,0,0,0,0,1
2020-01-28,0,0,0,0,0,0
2020-01-29,0,0,0,0,0,0
2020-01-30,3,3,0,0,0,0
2020-01-31,3,3,0,0,0,0
2020-02-01,1,0,0,0,0,1
2020-02-02,3,1,0,0,0,2
2020-02-03,0,0,0,0,0,0
2020-02-04,0,0,0,0,0,0
2020-02-05,4,2,0,0,0,2
2020-02-06,2,2,0,0,0,0
2020-02-07,0,0,0,0,0,0
2020-02-08,0,0,0,0,0,0
2020-02-09,3,0,0,0,0,3
2020-02-10,1,0,0,0,0,1
2020-02-11,0,0,0,0,0,0
2020-02-12,0,0,0,0,0,0
2020-02-13,0,0,0,0,0,0
2020-02-14,0,0,0,0,0,0
2020-02-15,0,0,0,0,0,0
2020-02-16,2,2,0,0,0,0
2020-02-17,0,0,0,0,0,0
2020-02-18,2,0,0,1,0,1
2020-02-19,29,2,0,27,0,0
2020-02-20,12,0,0,12,0,0
2020-02-21,50,5,0,44,0,1
2020-02-22,74,2,2,67,1,2
2020-02-23,155,3,7,136,1,8
2020-02-24,177,4,8,152,1,12
2020-02-25,84,7,18,54,0,5
2020-02-26,208,8,13,184,0,3
2020-02-27,375,10,8,340,5,12
2020-02-28,323,7,5,296,4,11
2020-02-29,779,12,14,742,1,10
2020-03-01,532,8,4,512,0,8
2020-03-02,541,9,6,517,1,8
2020-03-03,531,7,2,520,0,2
2020-03-04,411,0,3,398,1,9
2020-03-05,339,5,0,326,1,7
2020-03-06,384,2,3,367,2,10
2020-03-07,404,3,1,390,0,10
2020-03-08,321,12,1,297,0,11
2020-03-09,212,10,0,190,0,12
2020-03-10,113,11,0,92,0,10
2020-03-11,197,53,2,131,0,11
2020-03-12,98,19,2,72,2,3
2020-03-13,84,12,1,61,2,8
2020-03-14,93,13,3,62,0,15
2020-03-15,64,9,3,41,0,11
2020-03-16,62,6,1,35,0,20
2020-03-17,75,12,0,32,0,31
2020-03-18,66,5,0,46,0,15
2020-03-19,127,12,0,97,0,18
2020-03-20,66,17,1,34,0,14
2020-03-21,96,15,0,69,0,12
2020-03-22,71,10,0,43,2,16
2020-03-23,45,6,1,24,0,14
2020-03-24,52,4,2,31,0,15
2020-03-25,49,13,1,14,0,21
2020-03-26,59,13,0,26,6,14
2020-03-27,59,12,1,34,1,11
2020-03-28,111,18,1,71,0,21
2020-03-29,64,20,3,23,3,15
2020-03-30,46,16,1,14,0,15
2020-03-31,100,24,1,60,2,13
2020-04-01,69,24,3,20,0,22
2020-04-02,53,14,0,21,0,18
2020-04-03,50,18,0,9,0,23
2020-04-04,72,22,0,27,0,23
2020-04-05,42,24,0,7,1,10
2020-04-06,34,11,0,13,2,8
2020-04-07,28,4,1,13,0,10
2020-04-08,28,11,2,9,0,6
2020-04-09,26,12,0,4,0,10
2020-04-10,15,5,1,0,0,9
2020-04-11,20,4,0,7,0,9
2020-04-12,9,3,0,2,0,4
2020-04-13,14,8,0,3,0,3
2020-04-14,13,2,0,3,0,8
2020-04-15,13,5,1,1,0,6
2020-04-16,13,2,3,4,0,4
2020-04-17,3,2,0,0,0,1
2020-04-18,8,1,0,3,0,4
2020-04-19,4,2,0,2,0,0
2020-04-20,5,0,2,1,0,2
2020-04-21,6,2,0,2,0,2
2020-04-22,6,2,2,1,1,0
2020-04-23,6,0,1,4,0,1
2020-04-24,5,0,1,3,0,1
2020-04-25,5,1,0,2,0,2
2020-04-26,8,0,1,1,0,6
2020-04-27,4,0,0,1,0,3
2020-04-28,9,4,0,2,0,3
2020-04-29,5,0,0,3,0,2
2020-04-30,0,0,0,0,0,0
2020-05-01,3,1,0,0,0,2
2020-05-02,2,1,1,0,0,0
2020-05-03,8,2,0,4,0,2
2020-05-04,1,0,0,0,0,1
2020-05-05,0,0,0,0,0,0
2020-05-06,0,0,0,0,0,0
2020-05-07,2,0,0,0,1,1
2020-05-08,7,0,2,3,0,2
2020-05-09,17,12,1,0,0,4
2020-05-10,22,14,0,2,0,6
2020-05-11,24,21,0,0,0,3
2020-05-12,23,12,0,1,2,8
2020-05-13,20,11,3,3,0,3
2020-05-14,10,4,0,0,0,6
2020-05-15,20,14,0,3,0,3
2020-05-16,10,5,0,1,0,4
2020-05-17,7,5,0,1,1,0
2020-05-18,5,1,0,1,0,3
2020-05-19,7,6,0,0,0,1
2020-05-20,21,10,0,1,0,10
2020-05-21,4,4,0,0,0,0
2020-05-22,8,2,0,0,0,6
2020-05-23,19,4,0,1,1,13
2020-05-24,12,6,0,0,0,6
2020-05-25,13,6,0,1,0,6
2020-05-26,12,9,0,1,0,2
2020-05-27,28,19,0,3,0,6
2020-05-28,48,24,1,2,0,21
2020-05-29,40,20,0,0,0,20
2020-05-30,25,9,1,2,0,13
2020-05-31,21,6,1,1,1,12
2020-06-01,14,1,0,1,0,12
2020-06-02,28,14,0,0,0,14
2020-06-03,33,19,0,1,0,13
2020-06-04,29,14,0,0,0,15
2020-06-05,29,15,0,1,0,13
2020-06-06,31,23,0,0,0,8
2020-06-07,47,27,0,1,0,19
2020-06-08,30,21,0,1,0,8
2020-06-09,32,19,0,0,0,13
2020-06-10,33,12,0,0,0,21
2020-06-11,37,21,0,0,0,16
2020-06-12,45,25,0,1,0,19
2020-06-13,46,29,0,3,0,14
2020-06-14,24,12,0,2,0,10
2020-06-15,17,7,0,0,0,10
2020-06-16,21,12,1,0,3,5
2020-06-17,32,13,0,1,5,13
2020-06-18,49,25,0,1,7,16
2020-06-19,35,18,0,0,6,11
2020-06-20,40,14,2,2,5,17
2020-06-21,38,17,0,1,10,10
2020-06-22,12,5,0,1,0,6
2020-06-23,18,6,0,1,4,7
2020-06-24,30,11,2,2,8,7
2020-06-25,22,9,0,0,4,9
2020-06-26,25,17,0,0,4,4
2020-06-27,37,17,0,1,2,17
2020-06-28,37,14,0,0,6,17
2020-06-29,28,7,1,2,2,16
2020-06-30,20,7,1,0,5,7
2020-07-01,30,9,0,1,4,16
2020-07-02,27,13,0,3,1,10
2020-07-03,45,12,0,11,4,18
2020-07-04,31,7,1,1,3,19
2020-07-05,32,16,0,0,8,8
2020-07-06,14,3,1,2,2,6
2020-07-07,19,3,0,1,2,13
2020-07-08,31,10,0,1,2,18
2020-07-09,22,8,0,0,6,8
2020-07-10,29,8,0,0,7,14
2020-07-11,14,8,0,0,2,4
2020-07-12,25,7,0,0,1,17
2020-07-13,25,13,0,1,0,11
2020-07-14,17,7,0,0,1,9
2020-07-15,14,6,0,0,3,5
2020-07-16,31,7,0,2,1,21
2020-07-17,25,9,0,0,1,15
2020-07-18,20,6,1,3,0,10
2020-07-19,15,10,0,0,1,4
2020-07-20,6,3,0,2,0,1
2020-07-21,25,21,0,2,0,2
2020-07-22,32,16,0,1,0,15
2020-07-23,42,12,2,0,0,28
2020-07-24,33,21,2,2,0,8
2020-07-25,30,11,5,0,0,14
2020-07-26,15,7,1,0,0,7
2020-07-27,16,9,1,0,0,6
2020-07-28,14,6,2,0,0,6
2020-07-29,21,9,1,0,0,11
2020-07-30,8,3,0,0,0,5
2020-07-31,19,8,0,1,0,10
2020-08-01,10,2,1,0,0,7
2020-08-02,11,5,1,2,0,3
2020-08-03,6,5,0,0,0,1
2020-08-04,21,9,1,0,0,11
2020-08-05,14,6,0,1,0,7
2020-08-06,25,9,3,0,0,13
2020-08-07,14,9,0,0,0,5
2020-08-08,36,17,0,1,0,18
2020-08-09,29,13,0,1,0,15
2020-08-10,20,13,1,0,0,6
2020-08-11,28,6,9,0,0,13
2020-08-12,39,15,4,0,1,19
2020-08-13,46,26,2,1,0,17
2020-08-14,84,32,5,0,0,47
2020-08-15,150,74,3,0,1,72
2020-08-16,252,146,7,1,0,98
2020-08-17,170,90,7,1,2,70
2020-08-18,197,132,7,6,0,52
2020-08-19,261,151,9,2,0,99
2020-08-20,246,135,15,3,8,85
2020-08-21,248,126,8,4,7,103
2020-08-22,241,129,3,9,5,95
2020-08-23,287,140,2,6,15,124
2020-08-24,195,97,3,0,10,85
2020-08-25,226,135,3,5,11,72
2020-08-26,224,111,4,3,7,99
2020-08-27,280,154,8,13,3,102
2020-08-28,278,146,8,8,3,113
2020-08-29,245,125,6,6,4,104
2020-08-30,238,116,6,30,6,80
2020-08-31,188,94,4,4,7,79
2020-09-01,170,94,3,2,8,63
2020-09-02,219,101,7,13,14,84
2020-09-03,144,69,4,3,4,64
2020-09-04,139,68,4,7,4,56
2020-09-05,118,51,10,5,2,50
2020-09-06,122,63,2,5,5,47
2020-09-07,95,48,9,2,5,31
2020-09-08,105,67,1,2,4,31
2020-09-09,116,49,2,2,8,55
2020-09-10,111,48,1,1,11,50
2020-09-11,125,63,3,1,11,47
2020-09-12,97,50,4,4,7,32
2020-09-13,82,31,3,14,2,32
2020-09-14,79,41,3,4,1,30
2020-09-15,78,32,4,0,3,39
2020-09-16,86,51,4,4,1,26
2020-09-17,123,64,2,2,1,54
2020-09-18,90,46,2,2,3,37
2020-09-19,87,40,2,2,2,41
2020-09-20,64,28,6,2,2,26
2020-09-21,52,23,8,1,2,18
2020-09-22,46,21,5,0,0,20
2020-09-23,80,40,7,3,0,30
2020-09-24,96,39,7,1,1,48
2020-09-25,87,57,3,0,0,27
2020-09-26,44,26,2,1,1,14
2020-09-27,58,34,3,0,0,21
2020-09-28,34,19,1,0,0,14
2020-09-29,24,11,3,0,0,10
2020-09-30,86,51,5,2,2,26
2020-10-01,58,30,6,1,0,21
2020-10-02,48,11,18,0,0,19
2020-10-03,46,26,8,0,2,10
2020-10-04,41,16,5,2,2,16
2020-10-05,53,19,5,1,1,27
2020-10-06,56,15,3,0,3,35
2020-10-07,91,33,2,1,2,53
2020-10-08,56,20,5,0,7,24
2020-10-09,45,22,5,1,5,12
2020-10-10,54,25,3,1,1,24
2020-10-11,50,23,3,1,2,21
2020-10-12,78,31,4,0,13,30
2020-10-13,70,20,1,1,10,38
2020-10-14,60,23,2,0,4,31
2020-10-15,89,25,55,0,1,8
2020-10-16,37,18,0,0,2,17
2020-10-17,57,18,6,1,0,32
2020-10-18,75,20,4,0,1,50
2020-10-19,49,14,15,0,2,18
2020-10-20,42,11,2,0,1,28
2020-10-21,55,17,10,0,4,24
2020-10-22,92,18,5,2,0,67
2020-10-23,128,20,0,5,0,103
2020-10-24,62,22,0,0,5,35
2020-10-25,47,17,1,1,1,27
2020-10-26,88,20,0,0,1,67
2020-10-27,65,24,1,0,5,35
2020-10-28,65,25,0,2,7,31
2020-10-29,97,36,0,3,0,58
2020-10-30,89,47,0,10,0,32
2020-10-31,90,52,2,9,0,27
2020-11-01,85,45,0,2,0,38
2020-11-02,69,25,0,3,0,41
2020-11-03,50,22,1,0,0,27
2020-11-04,89,42,1,2,1,43
2020-11-05,83,50,4,2,0,27
2020-11-06,87,40,0,0,0,47
2020-11-07,62,37,2,1,1,21
2020-11-08,87,54,0,7,1,25
2020-11-09,76,46,2,6,0,22
2020-11-10,70,35,1,1,0,33
2020-11-11,102,45,3,0,1,53
2020-11-12,95,53,2,3,2,35
2020-11-13,122,74,0,1,0,47
2020-11-14,124,69,4,0,2,49
2020-11-15,131,85,0,1,0,45
2020-11-16,125,80,0,0,3,42
2020-11-17,146,90,0,3,1,52
2020-11-18,187,92,5,2,1,87
2020-11-19,181,109,5,2,1,64
2020-11-20,208,132,2,1,0,73
2020-11-21,258,156,7,1,1,93
2020-11-22,198,121,1,1,0,75
2020-11-23,198,112,5,2,3,76
2020-11-24,223,133,6,3,0,81
2020-11-25,251,142,18,5,4,82
2020-11-26,419,212,22,1,1,183
2020-11-27,350,204,24,0,5,117
2020-11-28,345,178,28,1,13,125
2020-11-29,283,158,22,3,6,94
2020-11-30,297,159,52,4,5,77
2020-12-01,303,155,31,11,10,96
2020-12-02,378,193,32,4,5,144
2020-12-03,428,262,15,3,7,141
2020-12-04,513,295,31,6,21,160
2020-12-05,438,235,29,7,10,157
2020-12-06,478,254,34,3,3,184
2020-12-07,442,244,35,5,2,156
2020-12-08,409,211,26,4,11,157
2020-12-09,512,262,19,2,10,219
2020-12-10,507,249,31,3,9,215
2020-12-11,523,252,26,6,10,229
2020-12-12,746,362,59,35,18,272
2020-12-13,828,399,57,28,13,331
2020-12-14,484,219,21,16,2,226
2020-12-15,631,251,41,19,32,288
2020-12-16,790,378,41,27,15,329
2020-12-17,789,422,44,21,11,291
2020-12-18,765,398,39,20,5,303
2020-12-19,718,380,39,20,5,274
2020-12-20,782,472,33,25,3,249
2020-12-21,615,327,20,21,3,244
2020-12-22,594,316,26,39,9,204
2020-12-23,775,375,32,24,35,309
2020-12-24,685,319,44,26,11,285
2020-12-25,873,552,22,23,13,263
2020-12-26,771,465,27,13,11,255
2020-12-27,672,362,40,21,8,241
2020-12-28,553,299,34,24,3,193
2020-12-29,852,520,17,29,30,256
2020-12-30,773,387,39,51,19,277
2020-12-31,705,366,74,33,7,225
2021-01-01,752,357,57,43,11,284
2021-01-02,536,250,26,29,4,227
2021-01-03,451,198,19,22,8,204
2021-01-04,669,329,37,29,6,268
2021-01-05,484,199,15,32,8,230
2021-01-06,615,263,38,21,9,284
2021-01-07,642,297,23,10,9,303
2021-01-08,499,191,24,18,8,258
2021-01-09,434,188,17,13,5,211
2021-01-10,444,187,34,27,4,192
2021-01-11,319,141,19,11,1,147
2021-01-12,388,167,21,18,7,175
2021-01-13,410,152,35,13,9,201
2021-01-14,359,134,40,11,3,171
2021-01-15,374,127,47,11,3,186
2021-01-16,413,156,61,23,5,168
2021-01-17,372,145,34,15,3,175
2021-01-18,262,132,10,13,2,105
2021-01-19,280,101,17,16,7,139
2021-01-20,308,143,13,12,1,139
2021-01-21,289,125,19,7,0,138
2021-01-22,261,115,23,6,1,116
2021-01-23,300,127,33,22,1,117
2021-01-24,264,133,20,12,0,99
2021-01-25,338,101,20,15,125,77
2021-01-26,225,104,27,13,4,77
2021-01-27,318,129,32,6,1,150
2021-01-28,292,105,54,11,4,118
2021-01-29,292,112,34,10,1,135
2021-01-30,328,152,20,8,2,146
2021-01-31,242,99,20,10,0,113
2021-02-01,224,107,15,9,1,92
2021-02-02,234,128,12,12,0,82
2021-02-03,334,188,19,9,7,111
2021-02-04,342,172,26,8,2,134
2021-02-05,287,126,33,14,0,114
2021-02-06,294,143,14,18,8,111
2021-02-07,283,144,9,12,6,112
2021-02-08,229,112,9,21,4,83
2021-02-09,236,90,9,9,2,126
2021-02-10,379,175,19,16,0,169
2021-02-11,416,183,29,13,3,188
2021-02-12,303,158,27,12,1,105
2021-02-13,281,136,27,14,5,99
2021-02-14,252,152,15,3,2,80
2021-02-15,288,150,15,13,8,102
2021-02-16,330,161,19,12,4,134
2021-02-17,452,258,19,14,7,154
2021-02-18,475,185,28,9,12,241
2021-02-19,400,180,16,11,4,189
2021-02-20,317,122,14,9,2,170
2021-02-21,321,130,12,8,0,171
2021-02-22,246,106,12,4,3,121
2021-02-23,275,125,12,10,1,127
2021-02-24,321,144,13,19,2,143
2021-02-25,292,122,18,14,0,138
2021-02-26,299,131,11,10,6,141
2021-02-27,317,131,9,6,2,169
2021-02-28,273,120,5,6,1,141
2021-03-01,278,92,16,10,0,160
2021-03-02,270,122,17,14,1,116
2021-03-03,362,119,8,6,2,227
2021-03-04,345,118,18,20,3,186
2021-03-05,325,129,20,3,0,173
2021-03-06,317,128,12,4,0,173
2021-03-07,319,132,6,8,1,172
2021-03-08,246,100,12,6,0,128
2021-03-09,313,102,19,3,1,188
2021-03-10,352,138,7,1,3,203
2021-03-11,341,138,14,4,1,184
2021-03-12,325,140,15,4,0,166
2021-03-13,331,140,17,9,1,164
2021-03-14,334,112,13,6,0,203
2021-03-15,281,109,4,5,2,161
2021-03-16,238,79,7,3,1,148
2021-03-17,332,120,11,14,1,186
2021-03-18,306,124,7,14,2,159
2021-03-19,322,146,7,5,7,157
2021-03-20,337,115,9,16,8,189
2021-03-21,316,125,19,14,1,157
2021-03-22,300,109,26,14,0,151
2021-03-23,236,97,8,3,4,124
2021-03-24,327,137,17,17,2,154
2021-03-25,314,127,20,17,3,147
2021-03-26,356,121,11,14,14,196
2021-03-27,338,127,33,23,10,145
2021-03-28,365,138,56,10,8,153
2021-03-29,303,107,53,10,2,131
2021-03-30,328,145,43,12,11,117
2021-03-31,349,158,58,15,7,111
2021-04-01,400,199,54,7,10,130
2021-04-02,400,166,38,17,19,160
2021-04-03,392,155,61,10,19,147
2021-04-04,404,149,61,15,29,150
2021-04-05,346,152,48,22,13,111
2021-04-06,326,147,34,16,22,107
2021-04-07,488,198,38,16,61,175
2021-04-08,561,244,52,10,25,230
2021-04-09,515,215,53,18,26,203
2021-04-10,477,201,56,5,13,202
2021-04-11,458,214,45,6,7,186
2021-04-12,418,162,47,16,17,176
2021-04-13,387,158,39,9,13,168
2021-04-14,556,247,49,11,11,238
2021-04-15,523,217,54,18,10,224
2021-04-16,491,216,44,4,6,221
2021-04-17,477,217,35,12,4,209
2021-04-18,437,204,31,13,5,184
2021-04-19,354,137,26,24,21,146
2021-04-20,389,148,29,15,8,189
2021-04-21,527,218,33,25,17,234
2021-04-22,526,230,37,24,13,222
2021-04-23,549,204,33,12,2,298
2021-04-24,555,253,44,4,10,244
2021-04-25,429,175,43,14,6,191
2021-04-26,340,154,25,7,4,150
2021-04-27,361,116,30,12,8,195
2021-04-28,523,257,33,29,10,194
2021-04-29,472,227,40,19,4,182
2021-04-30,455,227,32,14,31,151
2021-05-01,438,195,29,12,13,189
2021-05-02,379,182,33,10,9,145
2021-05-03,289,126,16,12,5,130
2021-05-04,347,184,16,10,13,124
2021-05-05,453,238,23,6,18,168
2021-05-06,407,212,28,7,18,142
2021-05-07,355,179,21,9,7,139
2021-05-08,485,242,27,13,9,194
2021-05-09,362,195,10,6,2,149
2021-05-10,306,141,20,4,4,137
2021-05-11,329,163,14,8,7,137
2021-05-12,433,222,10,6,8,187
2021-05-13,496,227,20,5,18,226
2021-05-14,468,231,24,9,31,173
2021-05-15,481,254,42,5,10,170
2021-05-16,415,213,31,6,4,161
2021-05-17,378,195,12,19,2,150
2021-05-18,357,172,13,23,12,137
2021-05-19,473,249,27,23,10,164
2021-05-20,463,242,17,9,8,187
2021-05-21,385,172,15,19,15,164
2021-05-22,462,208,28,56,5,165
2021-05-23,416,181,15,57,12,151
2021-05-24,335,139,15,48,11,122
2021-05-25,334,138,16,29,15,136
2021-05-26,519,261,22,30,17,189
2021-05-27,456,218,18,27,23,170
2021-05-28,418,214,13,24,18,149
2021-05-29,380,194,14,22,11,139
2021-05-30,360,160,13,20,7,160
2021-05-31,314,130,17,31,6,130
2021-06-01,352,147,28,42,19,116
2021-06-02,533,258,21,39,23,192
2021-06-03,547,215,32,74,15,211
2021-06-04,512,206,14,65,18,209
2021-06-05,577,277,17,41,31,211
2021-06-06,424,179,21,46,18,160
2021-06-07,368,159,12,26,20,151
2021-06-08,339,139,15,33,22,130
2021-06-09,429,183,16,44,25,161
2021-06-10,459,212,15,30,22,180
2021-06-11,444,204,28,24,15,173
2021-06-12,453,208,26,23,22,174
2021-06-13,364,176,13,15,11,149
2021-06-14,291,122,17,20,10,122
2021-06-15,291,131,9,16,15,120
2021-06-16,452,201,16,16,29,190
2021-06-17,426,201,17,7,18,183
2021-06-18,387,200,10,11,13,153
2021-06-19,378,197,18,13,5,145
2021-06-20,323,165,21,16,8,113
2021-06-21,272,134,14,18,15,91
2021-06-22,263,131,6,3,31,92
2021-06-23,508,236,16,7,58,191
2021-06-24,475,252,20,3,15,185
2021-06-25,493,269,27,5,9,183
2021-06-26,508,263,31,13,13,188
2021-06-27,450,242,12,8,15,173
2021-06-28,397,185,38,5,7,162
2021-06-29,477,205,9,8,25,230
2021-06-30,666,375,14,11,26,240
2021-07-01,623,333,18,7,16,249
2021-07-02,673,346,29,9,25,264
2021-07-03,686,359,39,8,28,252
2021-07-04,583,289,28,3,32,231
2021-07-05,577,307,25,6,19,220
2021-07-06,612,320,29,8,26,229
2021-07-07,"1,026",582,34,13,30,367
2021-07-08,"1,025",550,55,15,13,392
2021-07-09,"1,014",503,58,19,29,405
2021-07-10,"1,083",509,61,14,48,451
2021-07-11,"1,027",509,56,23,32,407
2021-07-12,836,403,44,37,25,327
2021-07-13,854,417,50,38,31,318
2021-07-14,"1,257",637,63,52,41,464
2021-07-15,"1,191",519,65,51,60,496
2021-07-16,"1,155",568,50,32,49,456
2021-07-17,"1,076",559,62,29,33,393
2021-07-18,"1,052",522,70,42,45,373
2021-07-19,940,419,65,33,83,340
2021-07-20,929,394,49,30,73,383
2021-07-21,"1,279",604,102,35,73,465
2021-07-22,"1,095",499,104,38,81,373
2021-07-23,"1,177",519,116,60,67,415
2021-07-24,"1,165",465,116,52,68,464
2021-07-25,"1,040",489,108,69,54,320
2021-07-26,911,341,89,60,71,350
2021-07-27,929,351,66,69,71,372
2021-07-28,"1,361",573,102,55,75,556
2021-07-29,"1,190",514,82,56,69,469
2021-07-30,"1,237",488,78,62,85,524
2021-07-31,"1,074",475,72,46,86,395
2021-08-01,"1,029",473,58,23,69,406
2021-08-02,863,364,72,26,64,337
2021-08-03,855,311,69,37,78,360
2021-08-04,"1,218",486,111,75,59,487
2021-08-05,"1,255",466,112,121,70,486
2021-08-06,"1,167",464,107,84,50,462
2021-08-07,"1,288",503,146,68,57,514
2021-08-08,"1,154",450,147,63,33,461
2021-08-09,"1,072",413,123,86,42,408
2021-08-10,"1,015",359,105,80,51,420
2021-08-11,"1,561",660,126,66,43,666
2021-08-12,"1,323",526,132,39,51,575
2021-08-13,"1,359",524,180,57,58,540
2021-08-14,"1,363",513,153,82,42,573
2021-08-15,"1,255",488,156,57,44,510
2021-08-16,962,363,127,45,31,396
2021-08-17,895,365,66,46,33,385
2021-08-18,"1,243",509,124,61,34,515
2021-08-19,"1,463",575,138,52,49,649
2021-08-20,"1,427",554,132,39,58,644
2021-08-21,"1,271",525,86,34,28,598
2021-08-22,"1,208",497,113,51,23,524
2021-08-23,934,388,63,57,30,396
2021-08-24,"1,107",436,61,73,63,474
2021-08-25,"1,515",677,86,101,64,587
2021-08-26,"1,307",570,78,95,50,514
2021-08-27,"1,319",556,68,90,57,548
2021-08-28,"1,309",569,76,76,46,542
2021-08-29,"1,136",517,64,57,18,480
2021-08-30,"1,021",442,57,85,29,408
2021-08-31,"1,017",456,44,51,34,432
2021-09-01,"1,458",665,69,55,30,639
2021-09-02,"1,453",558,71,66,61,697
2021-09-03,"1,218",542,58,52,46,520
2021-09-04,"1,288",565,51,42,50,580
2021-09-05,"1,053",508,39,20,38,448
2021-09-06,989,464,52,43,30,400
2021-09-07,"1,070",482,35,38,34,481
2021-09-08,"1,504",670,31,61,39,703
2021-09-09,"1,432",666,35,50,38,643
2021-09-10,"1,413",670,38,44,48,613
2021-09-11,"1,376",659,35,45,65,572
2021-09-12,"1,296",658,43,62,45,488
2021-09-13,"1,063",556,35,31,39,402
2021-09-14,"1,106",539,38,27,41,461
2021-09-15,"1,603",808,43,27,37,688
2021-09-16,"1,514",717,58,47,36,656
2021-09-17,"1,538",746,52,38,43,659
2021-09-18,"1,544",703,52,71,44,674
2021-09-19,"1,430",742,46,47,48,547
2021-09-20,"1,220",583,47,35,49,506
2021-09-21,"1,313",676,45,46,44,502
2021-09-22,"1,268",644,38,41,16,529
2021-09-23,"1,313",645,24,53,43,548
2021-09-24,"1,841",904,30,128,71,708
2021-09-25,"2,570","1,220",51,118,80,"1,101"
2021-09-26,"2,099",926,46,143,53,931
2021-09-27,"1,740",776,43,115,51,755
2021-09-28,"1,770",840,29,126,54,721
2021-09-29,"2,231","1,051",52,109,29,990
2021-09-30,"1,985",944,49,73,36,883
2021-10-01,"1,907",913,46,85,38,825
2021-10-02,"1,708",792,42,80,35,759
2021-10-03,"1,544",734,33,58,41,678
2021-10-04,"1,249",572,37,68,38,534
2021-10-05,"1,153",521,47,50,39,496
2021-10-06,"1,508",690,38,64,31,685
2021-10-07,"1,816",835,49,46,30,856
2021-10-08,"1,641",772,34,45,31,759
2021-10-09,"1,459",711,30,50,30,638
2021-10-10,"1,221",582,31,48,10,550
2021-10-11,986,511,49,45,22,359
2021-10-12,991,482,25,50,23,411
2021-10-13,"1,216",580,40,66,21,509
2021-10-14,"1,535",746,47,46,6,690
2021-10-15,"1,374",681,32,38,12,611
2021-10-16,"1,249",584,22,47,9,587
2021-10-17,"1,081",506,36,40,8,491
2021-10-18,804,355,35,45,5,364
2021-10-19,788,298,39,35,15,401
2021-10-20,"1,172",504,35,36,9,588
2021-10-21,"1,095",506,29,26,8,526
2021-10-22,"1,105",519,44,21,5,516
2021-10-23,"1,137",550,40,21,8,518
2021-10-24,"1,110",518,32,31,8,521
2021-10-25,916,455,24,32,4,401
2021-10-26,965,427,33,61,13,431
2021-10-27,"1,566",729,43,39,15,740
2021-10-28,"1,659",788,52,106,6,707
2021-10-29,"1,699",769,43,117,9,761
2021-10-30,"1,565",705,45,90,7,718
2021-10-31,"1,587",760,58,57,11,701
2021-11-01,"1,331",646,55,57,9,564
2021-11-02,"1,198",599,28,42,28,501
2021-11-03,"2,066","1,002",80,66,19,899
2021-11-04,"1,961",946,59,66,17,873
2021-11-05,"1,844",979,56,43,24,742
2021-11-06,"1,725",915,59,38,21,692
2021-11-07,"1,669",848,40,55,23,703
2021-11-08,"1,341",707,34,34,22,544
2021-11-09,"1,304",661,46,44,25,528
2021-11-10,"1,969",972,74,33,23,867
2021-11-11,"1,969","1,003",69,42,34,821
2021-11-12,"1,898",948,63,70,25,792
2021-11-13,"1,822","1,005",64,73,32,648
2021-11-14,"1,948",977,82,72,18,799
2021-11-15,"1,608",856,68,49,33,602
2021-11-16,"1,663",846,87,38,34,658
2021-11-17,"2,601","1,433",103,56,46,963
2021-11-18,"2,594","1,428",90,73,36,967
2021-11-19,"2,425","1,399",77,47,53,849
2021-11-20,"2,542","1,370",86,61,32,993
2021-11-21,"2,483","1,318",86,44,43,992
2021-11-22,"2,276","1,278",90,53,36,819
2021-11-23,"2,110","1,163",56,50,68,773
2021-11-24,"3,166","1,733",120,78,51,"1,184"
2021-11-25,"3,086","1,757",97,81,50,"1,101"
2021-11-26,"3,102","1,738",98,103,44,"1,119"
2021-11-27,"3,213","1,885",105,76,38,"1,109"
2021-11-28,"3,069","1,672",148,106,53,"1,090"
2021-11-29,"2,577","1,392",144,88,43,910
2021-11-30,"2,294","1,185",79,78,43,909
2021-12-01,"4,118","2,219",143,86,88,"1,582"
2021-12-02,"4,154","2,265",158,70,166,"1,495"
2021-12-03,"3,899","2,099",141,99,97,"1,463"
2021-12-04,"4,362","2,270",201,90,126,"1,675"
2021-12-05,"3,979","2,029",207,117,141,"1,485"
2021-12-06,"3,165","1,408",193,146,105,"1,313"
2021-12-07,"3,846","2,115",160,129,121,"1,321"
2021-12-08,"5,732","2,899",253,127,185,"2,268"
2021-12-09,"5,480","2,788",252,132,167,"2,141"
2021-12-10,"5,446","2,793",303,163,157,"2,030"
2021-12-11,"5,469","2,831",319,143,118,"2,058"
2021-12-12,"5,119","2,524",328,137,115,"2,015"
2021-12-13,"4,380","2,550",241,144,78,"1,367"
2021-12-14,"4,043","2,059",206,130,151,"1,497"
2021-12-15,"6,140","3,159",343,178,164,"2,296"
2021-12-16,"5,834","3,049",346,158,129,"2,152"
2021-12-17,"5,705","2,845",388,159,162,"2,151"
2021-12-18,"5,527","2,790",362,215,120,"2,040"
2021-12-19,"4,733","2,316",363,152,149,"1,753"
2021-12-20,"3,979","1,905",365,111,112,"1,486"
2021-12-21,"3,802","1,993",234,138,126,"1,311"
2021-12-22,"5,743","2,801",431,133,156,"2,222"
2021-12-23,"5,396","2,716",432,168,133,"1,947"
2021-12-24,"4,663","2,343",420,151,81,"1,668"
2021-12-25,"4,346","2,118",341,103,104,"1,680"
2021-12-26,"4,141","1,915",371,120,84,"1,651"
2021-12-27,"3,106","1,495",270,130,40,"1,171"
2021-12-28,"2,817","1,289",237,149,80,"1,062"
2021-12-29,"4,054","1,909",296,139,79,"1,631"
2021-12-30,"3,647","1,719",256,117,90,"1,465"
2021-12-31,"3,605","1,666",260,132,71,"1,476"
2022-01-01,"3,253","1,462",212,125,65,"1,389"
2022-01-02,"2,813","1,175",216,86,59,"1,277"
2022-01-03,"2,226",989,173,98,49,917
2022-01-04,"2,146",937,145,84,34,946
2022-01-05,"3,295","1,410",255,112,51,"1,467"
2022-01-06,"3,110","1,207",227,110,41,"1,525"
2022-01-07,"2,626","1,032",206,99,29,"1,260"
2022-01-08,"2,531",988,181,108,47,"1,207"
2022-01-09,"2,377",957,158,108,40,"1,114"
2022-01-10,"2,084",779,165,93,33,"1,014"
2022-01-11,"2,091",750,115,71,43,"1,112"
2022-01-12,"3,064","1,089",164,93,90,"1,628"
2022-01-13,"2,860",973,162,124,68,"1,533"
2022-01-14,"3,073",937,127,90,66,"1,853"
2022-01-15,"3,048",906,143,126,53,"1,820"
2022-01-16,"2,858",917,145,157,53,"1,586"
2022-01-17,"2,586",784,117,176,82,"1,427"
2022-01-18,"2,679",757,114,171,107,"1,530"
2022-01-19,"3,918","1,224",190,213,118,"2,173"
2022-01-20,"4,443","1,361",203,364,97,"2,418"
2022-01-21,"4,692","1,549",216,388,111,"2,428"
2022-01-22,"4,801","1,583",236,444,119,"2,419"
2022-01-23,"5,310","1,691",292,458,159,"2,710"
2022-01-24,"5,051","1,677",298,479,158,"2,439"
2022-01-25,"5,696","1,722",343,489,226,"2,916"
2022-01-26,"8,994","3,171",563,670,370,"4,220"
2022-01-27,"10,111","3,422",741,770,413,"4,765"
2022-01-28,"11,213","3,985",821,864,370,"5,173"
2022-01-29,"11,936","4,194",808,879,429,"5,626"
2022-01-30,"12,093","4,177",851,908,449,"5,708"
2022-01-31,"11,483","4,184",770,980,446,"5,103"
2022-02-01,"12,066","4,126",980,965,462,"5,533"
2022-02-02,"13,145","4,204","1,265","1,147",481,"6,048"
2022-02-03,"14,800","5,215","1,279","1,256",559,"6,491"
2022-02-04,"17,576","6,154","1,724","1,713",762,"7,223"
2022-02-05,"23,630","8,588","1,926","1,640","1,032","10,444"
2022-02-06,"25,094","7,817","2,171","1,970","1,189","11,947"
2022-02-07,"21,537","6,881","1,926","1,971",969,"9,790"
2022-02-08,"22,687","5,905","1,921","1,786",943,"12,132"
2022-02-09,"31,869","11,662","3,032","2,414","1,129","13,632"
2022-02-10,"36,028","11,872","2,630","2,329","1,449","17,748"
2022-02-11,"36,379","11,529","3,011","2,493","1,423","17,923"
2022-02-12,"36,072","13,195","3,051","2,370","1,511","15,945"
2022-02-13,"36,366","11,818","3,441","2,573","1,495","17,039"
2022-02-14,"35,127","11,527","3,520","2,606","1,613","15,861"
2022-02-15,"36,698","12,438","3,085","2,362","1,576","17,237"
2022-02-16,"60,087","18,870","6,482","4,188","2,590","27,957"
2022-02-17,"61,243","19,683","6,217","4,198","2,702","28,443"
2022-02-18,"76,222","25,634","6,577","4,538","2,980","36,493"
2022-02-19,"67,595","23,177","6,534","4,223","3,032","30,629"
2022-02-20,"68,166","22,087","6,945","4,707","3,108","31,319"
2022-02-21,"61,385","20,008","7,541","4,160","2,907","26,769"
2022-02-22,"64,479","21,787","6,140","4,158","2,848","29,546"
2022-02-23,"118,174","41,455","12,814","6,306","4,078","53,521"
2022-02-24,"111,953","37,157","11,832","7,148","4,504","51,312"
2022-02-25,"107,082","35,581","12,734","6,290","4,406","48,071"
2022-02-26,"109,228","36,821","13,013","6,990","4,266","48,138"
2022-02-27,"106,002","35,337","13,667","6,157","4,048","46,793"
2022-02-28,"87,342","27,967","12,617","5,825","3,683","37,250"
2022-03-01,"87,336","27,877","11,204","5,382","3,674","39,199"
2022-03-02,"144,034","46,924","16,098","7,116","5,287","68,609"
2022-03-03,"123,008","43,667","14,257","8,080","5,067","51,937"
2022-03-04,"174,624","59,256","23,201","9,494","5,957","76,716"
2022-03-05,"160,491","53,179","21,821","9,563","5,692","70,236"
2022-03-06,"157,547","49,438","26,197","8,895","6,189","66,828"
2022-03-07,"130,641","39,546","26,443","7,789","5,760","51,103"
2022-03-08,"122,704","37,472","19,322","7,585","5,609","52,716"
2022-03-09,"222,899","74,215","31,146","12,896","7,977","96,665"
2022-03-10,"206,023","66,842","31,567","11,600","7,884","88,130"
2022-03-11,"169,439","56,590","22,916","10,304","7,212","72,417"
2022-03-12,"242,236","80,424","31,961","13,414","8,515","107,922"
2022-03-13,"214,023","67,798","33,428","12,695","8,650","91,452"
2022-03-14,"182,642","56,785","27,753","12,406","8,290","77,408"
2022-03-15,"217,785","66,047","26,142","14,346","8,307","102,943"
2022-03-16,"240,982","81,367","39,310","16,751","8,810","94,744"
2022-03-17,"389,572","128,314","42,409","24,462","12,476","181,911"
2022-03-18,"248,395","81,971","25,471","16,012","11,329","113,612"
2022-03-19,"235,012","82,081","25,742","14,838","10,852","101,499"
2022-03-20,"198,874","65,832","19,528","13,607","11,479","88,428"
2022-03-21,"121,426","41,054","8,974","6,125","8,388","56,885"
2022-03-22,"213,141","64,997","24,694","17,354","9,871","96,225"
2022-03-23,"299,329","101,086","26,008","20,864","14,523","136,848"
2022-03-24,"230,866","77,731","18,730","15,693","11,268","107,444"
2022-03-25,"193,550","66,919","16,704","14,005","8,258","87,664"
2022-03-26,"196,509","63,997","16,354","14,211","11,198","90,749"
2022-03-27,"181,110","59,130","14,447","13,218","8,963","85,352"
2022-03-28,"101,882","34,183","6,643","5,232","5,278","50,546"
2022-03-29,"203,611","66,050","19,962","17,814","11,123","88,662"
2022-03-30,"244,318","81,799","16,440","17,838","11,249","116,992"
2022-03-31,"180,549","60,109","13,047","12,709","10,056","84,628"
2022-04-01,"158,627","51,703","11,852","11,381","8,093","75,598"
2022-04-02,"150,130","48,666","10,690","11,275","7,989","71,510"
2022-04-03,"129,988","42,088","9,113","9,695","6,971","62,121"
2022-04-04,"69,925","20,886","4,078","3,450","4,584","36,927"
2022-04-05,"154,400","51,479","12,259","13,538","7,778","69,346"
2022-04-06,"160,946","52,411","10,484","12,102","9,068","76,881"
2022-04-07,"125,711","39,867","8,452","9,752","7,397","60,243"
2022-04-08,"114,615","36,200","7,471","9,222","6,927","54,795"
2022-04-09,"102,177","32,309","7,006","7,680","6,999","48,183"
2022-04-10,"89,667","28,879","5,981","7,066","5,403","42,338"
2022-04-11,"49,176","14,244","2,505","2,992","3,675","25,760"
2022-04-12,"121,463","39,501","9,606","11,366","6,816","54,174"
2022-04-13,"106,078","33,063","6,365","8,355","6,516","51,779"
2022-04-14,"80,139","24,967","5,394","6,635","5,159","37,984"
2022-04-15,"68,617","21,436","4,586","5,520","4,502","32,573"
2022-04-16,"58,023","18,109","3,907","4,702","3,836","27,469"
2022-04-17,"49,041","14,799","3,373","4,208","3,557","23,104"
2022-04-18,"25,962","7,337","1,348","1,626","1,735","13,916"
2022-04-19,"66,817","21,806","5,382","6,500","3,474","29,655"
2022-04-20,"59,505","18,311","3,747","5,013","3,891","28,543"
2022-04-21,"48,532","15,178","3,538","4,202","3,005","22,609"
2022-04-22,"43,625","13,184","3,128","4,030","2,859","20,424"
2022-04-23,"40,511","12,329","3,119","3,966","2,663","18,434"
2022-04-24,"33,963","10,364","2,673","3,398","2,297","15,231"
2022-04-25,"17,728","4,759","1,070","1,421","1,424","9,054"
2022-04-26,"44,289","13,552","4,002","4,900","2,478","19,357"
2022-04-27,"39,261","11,508","3,020","3,598","2,717","18,418"
2022-04-28,"30,036","9,104","2,444","2,837","1,998","13,653"
2022-04-29,"26,255","7,724","2,253","2,507","1,733","12,038"
2022-04-30,"22,592","6,450","2,029","2,316","1,458","10,339"
2022-05-01,"19,035","5,460","1,634","2,035","1,337","8,569"
2022-05-02,"10,214","2,646",692,864,675,"5,337"
2022-05-03,"28,221","8,708","2,869","3,245","1,665","11,734"
2022-05-04,"25,466","7,434","2,169","2,484","1,714","11,665"
2022-05-05,"22,554","6,641","2,047","2,165","1,462","10,239"
2022-05-06,"13,000","3,590",865,"1,312","1,073","6,160"
2022-05-07,"21,974","6,639","2,274","2,314","1,309","9,438"
2022-05-08,"20,191","5,973","1,802","2,418","1,448","8,550"
2022-05-09,"10,656","2,713",716,972,778,"5,477"
2022-05-10,"27,029","8,138","2,771","3,244","1,547","11,329"
2022-05-11,"22,347","6,200","1,996","2,223","1,428","10,500"
2022-05-12,"18,987","5,693","1,741","1,887","1,282","8,384"
2022-05-13,"17,385","5,172","1,601","1,796","1,058","7,758"
2022-05-14,"15,684","4,763","1,539","1,516",890,"6,976"
2022-05-15,"13,070","4,022","1,027","1,303",923,"5,795"
2022-05-16,"6,753","1,682",472,564,462,"3,573"
2022-05-17,"20,056","5,883","1,914","2,095","1,077","9,087"
2022-05-18,"16,848","5,041","1,477","1,528","1,026","7,776"
2022-05-19,"15,087","4,556","1,261","1,462",950,"6,858"
2022-05-20,"13,336","4,109","1,084","1,297",845,"6,001"
2022-05-21,"12,424","3,585","1,094","1,316",743,"5,686"
2022-05-22,"9,919","2,901",868,"1,193",695,"4,262"
2022-05-23,"5,102","1,213",358,480,386,"2,665"
2022-05-24,"14,783","4,269","1,527","2,054",908,"6,025"
2022-05-25,"12,156","3,579","1,037","1,438",844,"5,258"
2022-05-26,"9,952","2,786",892,"1,299",628,"4,347"
2022-05-27,"8,968","3,029",810,"1,014",552,"3,563"
2022-05-28,"7,650","2,274",682,974,467,"3,253"
2022-05-29,"6,624","2,013",534,794,446,"2,837"
2022-05-30,"3,251","1,119",190,301,174,"1,467"
2022-05-31,"9,848","3,332",887,"1,307",548,"3,774"
2022-06-01,"8,549","2,922",706,941,451,"3,529"
2022-06-02,"5,381","1,821",402,687,368,"2,103"
2022-06-03,"7,182","2,439",607,915,354,"2,867"
2022-06-04,"6,658","2,240",634,718,321,"2,745"
2022-06-05,"5,301","1,717",472,613,312,"2,187"
2022-06-06,"2,756",736,185,301,195,"1,339"
2022-06-07,"3,241",952,316,338,197,"1,438"
2022-06-08,"7,867","2,614",821,992,370,"3,070"
2022-06-09,"6,475","2,007",668,671,396,"2,733"
2022-06-10,"4,982","1,534",494,568,266,"2,120"
2022-06-11,"4,675","1,382",444,534,250,"2,065"
2022-06-12,"3,922","1,154",417,396,268,"1,687"
2022-06-13,"2,218",660,187,204,146,"1,021"
2022-06-14,"5,631","1,759",669,619,239,"2,345"
2022-06-15,"5,333","1,687",534,559,271,"2,282"
2022-06-16,"4,647","1,539",456,466,195,"1,991"
2022-06-17,"4,092","1,274",473,446,177,"1,722"
2022-06-18,"3,906","1,233",421,438,126,"1,688"
2022-06-19,"3,392","1,106",343,402,138,"1,403"
2022-06-20,"1,966",706,148,139,90,883
2022-06-21,"5,845","2,032",531,587,175,"2,520"
2022-06-22,"5,267","1,771",552,468,204,"2,272"
2022-06-23,"4,554","1,576",454,351,205,"1,968"
2022-06-24,"4,371","1,581",395,384,159,"1,852"
2022-06-25,"4,139","1,544",401,315,163,"1,716"
2022-06-26,"3,759","1,306",388,283,150,"1,632"
2022-06-27,"1,944",595,149,91,99,"1,010"
2022-06-28,"6,410","2,467",684,460,221,"2,578"
2022-06-29,"6,372","2,461",595,391,269,"2,656"
2022-06-30,"5,937","2,276",587,402,230,"2,442"
2022-07-01,"6,017","2,338",586,423,209,"2,461"
2022-07-02,"6,839","2,771",610,369,274,"2,815"
2022-07-03,"6,166","2,429",546,294,241,"2,656"
2022-07-04,"3,803","1,156",291,253,213,"1,890"
2022-07-05,"11,936","4,765","1,167",677,433,"4,894"
2022-07-06,"12,181","4,757","1,159",645,451,"5,169"
2022-07-07,"11,849","4,573","1,154",658,488,"4,976"
2022-07-08,"12,418","4,596","1,236",627,559,"5,400"
2022-07-09,"13,009","4,892","1,278",711,504,"5,624"
2022-07-10,"12,973","5,228","1,296",488,524,"5,437"
2022-07-11,"8,147","2,615",625,454,469,"3,984"
2022-07-12,"24,711","9,402","2,666","1,433",912,"10,298"
2022-07-13,"25,421","9,354","2,505","1,429",968,"11,165"
2022-07-14,"24,926","9,643","2,357","1,281","1,022","10,623"
2022-07-15,"24,544","8,941","2,531","1,545","1,006","10,521"
2022-07-16,"25,894","9,447","2,617","1,335","1,055","11,440"
2022-07-17,"24,510","8,560","2,568","1,174","1,171","11,037"
2022-07-18,"16,171","4,888","1,249","1,022",758,"8,254"
2022-07-19,"47,371","18,024","4,890","2,423","1,951","20,083"
2022-07-20,"47,568","17,186","4,408","2,573","2,058","21,343"
2022-07-21,"44,695","16,650","4,125","2,405","2,025","19,490"
2022-07-22,"42,092","15,364","3,793","2,286","1,843","18,806"
2022-07-23,"41,657","14,817","3,941","2,558","1,976","18,365"
2022-07-24,"38,518","13,794","3,535","1,922","1,986","17,281"
2022-07-25,"20,969","5,961","1,436","1,430","1,250","10,892"
2022-07-26,"62,763","23,047","6,309","3,444","2,704","27,259"
2022-07-27,"59,245","20,056","5,287","3,876","2,845","27,181"
2022-07-28,"52,700","18,143","4,694","3,051","2,571","24,241"
2022-07-29,"51,681","17,494","4,589","3,498","2,557","23,543"
2022-07-30,"48,817","16,534","4,513","2,873","2,476","22,421"
2022-07-31,"41,457","14,130","3,833","2,504","2,417","18,573"
2022-08-01,"25,792","7,310","2,054","1,947","1,488","12,993"
2022-08-02,"70,335","24,598","7,009","4,485","4,162","30,081"
2022-08-03,"69,618","22,993","6,654","4,761","3,530","31,680"
2022-08-04,"61,912","20,210","6,181","4,394","3,314","27,813"
2022-08-05,"65,230","20,774","6,633","4,799","3,622","29,402"
2022-08-06,"63,957","20,145","6,574","4,706","3,462","29,070"
2022-08-07,"58,612","18,346","5,820","4,721","3,452","26,273"
2022-08-08,"29,599","7,853","2,615","2,284","1,772","15,075"
2022-08-09,"90,585","29,465","10,007","7,151","4,952","39,010"
2022-08-10,"84,698","26,045","8,910","6,996","4,674","38,073"
2022-08-11,"78,061","24,491","8,184","6,299","4,265","34,822"
2022-08-12,"72,542","22,812","7,388","5,816","3,797","32,729"
2022-08-13,"70,573","21,838","7,658","6,069","3,900","31,108"
2022-08-14,"65,522","19,576","6,997","5,633","4,112","29,204"
2022-08-15,"32,533","8,233","2,925","3,038","2,262","16,075"
2022-08-16,"46,641","13,048","4,671","4,904","2,968","21,050"
2022-08-17,"106,374","32,505","13,021","8,727","6,175","45,946"
2022-08-18,"97,906","28,356","11,142","9,930","6,066","42,412"
2022-08-19,"75,648","21,012","8,761","8,134","4,387","33,354"
2022-08-20,"71,409","19,955","8,545","7,220","4,368","31,321"
2022-08-21,"59,345","16,734","6,827","6,434","3,771","25,579"
2022-08-22,"30,736","7,389","2,732","3,572","2,049","14,994"
2022-08-23,"87,410","25,661","10,687","8,635","5,209","37,218"
2022-08-24,"73,872","20,561","8,583","7,890","4,202","32,636"
2022-08-25,"61,859","17,713","7,164","6,307","3,660","27,015"
2022-08-26,"55,195","15,748","6,276","5,317","3,330","24,524"
2022-08-27,"52,094","14,577","6,028","5,578","3,054","22,857"
2022-08-28,"45,624","13,039","5,070","4,908","2,784","19,823"
2022-08-29,"22,953","5,752","1,795","1,965","1,562","11,879"
2022-08-30,"68,473","20,406","7,808","6,106","3,883","30,270"
2022-08-31,"56,581","15,900","5,847","5,734","3,203","25,897"
2022-09-01,"44,842","13,313","4,486","4,135","2,664","20,244"
2022-09-02,"52,114","15,558","4,766","5,060","3,111","23,619"
2022-09-03,"45,918","13,880","4,172","4,238","2,512","21,116"
2022-09-04,"40,577","11,926","3,683","4,270","2,342","18,356"
2022-09-05,"20,427","5,316","1,392","1,749","1,298","10,672"
2022-09-06,"59,914","18,762","6,084","5,032","3,266","26,770"
2022-09-07,"48,912","14,526","3,675","5,361","2,537","22,813"
2022-09-08,"41,878","13,063","3,322","3,930","2,279","19,284"
2022-09-09,"39,735","12,303","3,604","3,723","2,243","17,862"
2022-09-10,"22,684","6,071","1,602","2,584","1,480","10,947"
2022-09-11,"15,375","4,800","1,184","1,328","1,003","7,060"
2022-09-12,"20,986","6,285","1,544","1,814","1,273","10,070"
2022-09-13,"33,707","9,545","3,199","3,465","2,032","15,466"
2022-09-14,"56,911","17,377","4,979","5,360","3,073","26,122"
2022-09-15,"39,695","11,812","3,346","3,699","1,940","18,898"
2022-09-16,"30,123","9,216","2,499","2,955","1,604","13,849"
2022-09-17,"25,080","7,653","2,080","2,475","1,273","11,599"
2022-09-18,"19,590","5,963","1,593","2,020","1,004","9,010"
2022-09-19,"11,128","3,197",638,942,606,"5,745"
2022-09-20,"29,558","9,728","2,406","2,612","1,507","13,305"
2022-09-21,"24,035","7,351","1,798","2,132","1,161","11,593"
2022-09-22,"19,528","6,149","1,521","1,826",954,"9,078"
2022-09-23,"17,312","5,617","1,274","1,436",804,"8,181"
2022-09-24,"17,435","5,643","1,257","1,592",814,"8,129"
2022-09-25,"15,092","4,881","1,155","1,254",723,"7,079"
2022-09-26,"8,218","2,332",472,842,406,"4,166"
2022-09-27,"24,999","8,542","1,886","2,056","1,132","11,383"
2022-09-28,"21,693","7,110","1,621","1,664","1,014","10,284"
2022-09-29,"18,763","6,259","1,416","1,452",816,"8,820"
2022-09-30,"17,554","5,790","1,267","1,598",732,"8,167"
2022-10-01,"16,726","5,578","1,315","1,251",751,"7,831"
2022-10-02,"14,266","4,786","1,020","1,017",605,"6,838"
2022-10-03,"7,342","2,023",431,772,337,"3,779"
2022-10-04,"9,921","3,083",693,887,467,"4,791"
2022-10-05,"21,805","7,664","1,798","1,596",915,"9,832"
2022-10-06,"16,964","5,518","1,314","1,608",742,"7,782"
2022-10-07,"13,581","4,316","1,053","1,470",598,"6,144"
2022-10-08,"11,755","3,958",949,"1,018",503,"5,327"
2022-10-09,"10,529","3,550",883,964,463,"4,669"
2022-10-10,"5,183","1,491",316,473,275,"2,628"
2022-10-11,"9,275","3,049",794,567,471,"4,394"
2022-10-12,"19,459","6,792","1,692","1,632",853,"8,490"
2022-10-13,"15,856","5,243","1,203","1,250",728,"7,432"
2022-10-14,"14,240","4,830","1,113",969,735,"6,593"
2022-10-15,"13,989","4,572","1,177","1,109",701,"6,430"
2022-10-16,"12,949","4,186",993,"1,052",627,"6,091"
2022-10-17,"6,499","1,915",407,464,350,"3,363"
2022-10-18,"21,217","7,524","1,783","1,461",986,"9,463"
2022-10-19,"17,956","5,891","1,411","1,360",827,"8,467"
2022-10-20,"15,634","5,408","1,096","1,116",761,"7,253"
2022-10-21,"15,349","5,053","1,206","1,245",771,"7,074"
2022-10-22,"17,087","6,011","1,218","1,000",808,"8,050"
2022-10-23,"16,041","5,170","1,192","1,204",881,"7,594"
2022-10-24,"8,529","2,434",493,555,450,"4,597"
2022-10-25,"28,520","10,055","2,309","1,829","1,442","12,885"
2022-10-26,"24,890","7,901","1,852","1,956","1,163","12,018"
2022-10-27,"21,479","6,846","1,744","1,556","1,076","10,257"
2022-10-28,"22,241","7,477","1,675","1,604","1,035","10,450"
2022-10-29,"23,326","7,572","1,893","1,680","1,186","10,995"
2022-10-30,"20,681","6,703","1,557","1,703","1,035","9,683"
2022-10-31,"11,009","3,099",674,730,573,"5,933"
2022-11-01,"37,515","13,014","3,032","2,458","1,966","17,045"
2022-11-02,"33,387","10,933","2,420","2,420","1,650","15,964"
2022-11-03,"28,853","9,542","2,216","1,767","1,509","13,819"
2022-11-04,"26,808","8,672","2,092","1,953","1,390","12,701"
2022-11-05,"24,989","8,096","1,974","1,797","1,366","11,756"
2022-11-06,"22,007","7,157","1,648","1,706","1,068","10,428"
2022-11-07,"11,391","3,317",569,646,586,"6,273"
2022-11-08,"40,502","14,156","3,172","2,717","2,231","18,226"
2022-11-09,"38,352","12,479","2,703","2,704","1,949","18,517"
2022-11-10,"34,092","11,069","2,468","2,508","1,784","16,263"
2022-11-11,"33,543","10,897","2,685","2,373","1,785","15,803"
2022-11-12,"33,190","10,827","2,759","2,428","1,898","15,278"
2022-11-13,"28,843","9,257","2,365","2,329","1,632","13,260"
2022-11-14,"14,003","3,645",949,"1,046",902,"7,461"
2022-11-15,"46,433","15,536","4,540","3,252","2,611","20,494"
2022-11-16,"39,908","12,474","3,364","2,936","2,116","19,018"
2022-11-17,"33,719","10,840","2,964","2,395","1,831","15,689"
2022-11-18,"30,035","9,733","2,549","2,182","1,509","14,062"
2022-11-19,"31,120","10,119","2,784","2,258","1,627","14,332"
2022-11-20,"27,016","8,800","2,623","1,770","1,441","12,382"
2022-11-21,"14,101","3,821","1,035","1,311",870,"7,064"
2022-11-22,"46,841","15,610","4,590","3,523","2,396","20,722"
2022-11-23,"42,398","13,493","4,023","2,990","2,098","19,794"
2022-11-24,"35,763","11,447","3,250","2,720","1,878","16,468"
2022-11-25,"32,698","10,677","3,172","2,302","1,765","14,782"
2022-11-26,"31,972","10,157","2,992","2,494","1,617","14,712"
2022-11-27,"28,426","9,152","2,417","2,367","1,509","12,981"
2022-11-28,"12,989","3,791",971,724,820,"6,683"
2022-11-29,"45,806","15,500","4,764","3,499","2,217","19,826"
2022-11-30,"39,994","12,284","3,798","3,025","2,046","18,841"
2022-12-01,"34,467","11,027","3,148","2,562","1,802","15,928"
2022-12-02,"32,532","10,482","2,927","2,405","1,693","15,025"
2022-12-03,"31,961","10,361","2,754","2,372","1,667","14,807"
2022-12-04,"27,616","8,523","2,453","2,327","1,466","12,847"
2022-12-05,"13,754","3,920",992,692,774,"7,376"
2022-12-06,"49,696","16,368","4,853","3,759","2,588","22,128"
2022-12-07,"44,577","13,742","3,962","3,312","2,239","21,322"
2022-12-08,"39,205","11,973","3,928","3,078","1,948","18,278"
2022-12-09,"37,888","11,842","3,782","2,782","1,848","17,634"
2022-12-10,"37,622","11,682","3,834","2,795","1,789","17,522"
2022-12-11,"31,510","9,595","3,296","2,281","1,588","14,750"
2022-12-12,"14,577","3,907","1,113",778,768,"8,011"
2022-12-13,"54,588","17,688","6,234","3,949","2,629","24,088"
2022-12-14,"49,828","15,170","5,421","3,700","2,351","23,186"
2022-12-15,"41,608","12,826","4,668","3,087","2,004","19,023"
2022-12-16,"40,044","12,392","4,304","2,869","2,002","18,477"
2022-12-17,"39,668","12,395","4,228","3,078","1,941","18,026"
2022-12-18,"34,615","10,636","3,843","2,722","1,614","15,800"
2022-12-19,"15,206","4,190","1,213",973,801,"8,029"
2022-12-20,"55,656","18,209","6,560","3,622","2,643","24,622"
2022-12-21,"50,764","15,555","5,497","3,616","2,365","23,731"
2022-12-22,"45,365","13,935","5,136","3,196","2,179","20,919"
2022-12-23,"40,570","12,405","4,731","2,657","1,984","18,793"
2022-12-24,"40,037","12,075","4,741","2,832","1,821","18,568"
2022-12-25,"35,100","10,494","3,986","2,485","1,704","16,431"
2022-12-26,"14,138","3,579","1,213",844,765,"7,737"
2022-12-27,"55,924","18,717","6,825","3,464","2,562","24,356"
2022-12-28,"51,893","15,772","6,141","3,521","2,346","24,113"
2022-12-29,"42,509","13,388","4,833","2,648","1,993","19,647"
2022-12-30,"38,920","11,665","4,804","2,703","1,810","17,938"
2022-12-31,"37,247","11,593","4,502","2,614","1,745","16,793"
2023-01-01,"33,806","9,980","4,062","2,477","1,654","15,633"
2023-01-02,"12,467","3,302","1,175",593,737,"6,660"
2023-01-03,"51,382","16,955","6,626","3,062","2,363","22,376"
2023-01-04,"45,575","13,908","5,366","3,150","2,180","20,971"
2023-01-05,"37,476","11,502","4,482","2,713","1,726","17,053"
2023-01-06,"33,553","10,403","3,952","2,146","1,653","15,399"
2023-01-07,"31,562","9,914","3,653","2,008","1,519","14,468"
2023-01-08,"26,427","7,814","3,036","2,013","1,272","12,292"
2023-01-09,"10,810","2,841",928,563,625,"5,853"
2023-01-10,"37,106","12,133","4,697","2,398","1,777","16,101"
2023-01-11,"31,394","9,527","3,613","2,376","1,494","14,384"
2023-01-12,"25,559","7,942","2,854","1,892","1,271","11,600"
2023-01-13,"23,216","7,192","2,869","1,722","1,138","10,295"
2023-01-14,"21,247","6,640","2,413","1,539","1,038","9,617"
2023-01-15,"18,560","5,745","2,150","1,521",913,"8,231"
2023-01-16,"7,918","2,135",772,592,430,"3,989"
2023-01-17,"24,901","8,542","2,949","1,675","1,173","10,562"
2023-01-18,"21,636","6,632","2,414","1,740","1,019","9,831"
2023-01-19,"17,557","5,495","1,884","1,355",886,"7,937"
2023-01-20,"15,956","5,004","1,823","1,267",762,"7,100"
2023-01-21,"16,351","5,158","1,947","1,306",799,"7,141"
2023-01-22,"8,836","2,313",886,"1,028",467,"4,142"
2023-01-23,"5,046","1,438",581,342,335,"2,350"
2023-01-24,"7,113","2,125",793,520,402,"3,273"
2023-01-25,"11,455","3,184","1,379","1,089",618,"5,185"
2023-01-26,"21,251","6,810","2,697","1,415","1,019","9,310"
2023-01-27,"17,632","5,081","2,233","1,599",891,"7,828"
2023-01-28,"13,331","4,061","1,639","1,181",614,"5,836"
2023-01-29,"10,221","2,921","1,224","1,132",500,"4,444"
2023-01-30,"3,779",919,409,322,201,"1,928"
2023-01-31,"11,509","3,694","1,609",927,549,"4,730"
2023-02-01,"11,176","3,275","1,519","1,079",571,"4,732"
2023-02-02,"9,530","2,879","1,201",916,444,"4,090"
2023-02-03,"8,527","2,548","1,145",856,412,"3,566"
2023-02-04,"8,134","2,433","1,050",791,372,"3,488"
2023-02-05,"7,626","2,296",996,862,353,"3,119"
2023-02-06,"3,139",814,336,294,151,"1,544"
2023-02-07,"9,571","3,042","1,396",851,431,"3,851"
2023-02-08,"9,959","2,897","1,344",989,480,"4,249"
2023-02-09,"8,198","2,457","1,128",820,332,"3,461"
2023-02-10,"7,683","2,366","1,079",771,340,"3,127"
2023-02-11,"7,139","2,289",948,745,317,"2,840"
2023-02-12,"6,507","2,125",861,595,253,"2,673"
2023-02-13,"2,845",741,303,388,128,"1,285"
2023-02-14,"8,503","2,698","1,186",784,385,"3,450"
2023-02-15,"8,098","2,568",978,843,351,"3,358"
2023-02-16,"7,098","2,278",913,683,290,"2,934"
2023-02-17,"6,513","2,095",793,598,265,"2,762"
2023-02-18,"6,160","1,976",726,544,282,"2,632"
2023-02-19,"5,827","1,905",635,565,235,"2,487"
2023-02-20,"2,463",701,201,226,143,"1,192"
2023-02-21,"7,404","2,500",868,565,316,"3,155"
2023-02-22,"7,313","2,346",801,602,265,"3,299"
2023-02-23,"6,254","2,115",599,509,241,"2,790"
2023-02-24,"5,927","1,956",667,557,262,"2,485"
2023-02-25,"5,775","1,920",613,502,280,"2,460"
2023-02-26,"5,271","1,764",538,355,258,"2,356"
2023-02-27,"2,254",621,218,241,111,"1,063"
2023-02-28,"6,693","2,324",733,507,290,"2,839"
2023-03-01,"7,047","2,299",688,541,320,"3,199"
2023-03-02,"4,206","1,194",428,339,192,"2,053"
2023-03-03,"6,369","2,294",640,434,287,"2,714"
2023-03-04,"6,730","2,212",629,505,299,"3,085"
2023-03-05,"5,981","2,006",553,512,304,"2,606"
2023-03-06,"2,467",734,173,142,122,"1,296"
2023-03-07,"7,734","2,741",702,499,360,"3,432"
2023-03-08,"7,519","2,443",683,564,361,"3,468"
2023-03-09,"6,378","2,128",576,468,316,"2,890"
2023-03-10,"6,154","2,168",531,409,318,"2,728"
2023-03-11,"5,947","1,976",465,417,303,"2,786"
2023-03-12,"5,393","1,824",438,359,354,"2,418"
2023-03-13,"2,481",689,144,214,150,"1,284"
2023-03-14,"7,182","2,396",540,516,423,"3,307"
2023-03-15,"7,029","2,308",542,427,401,"3,351"
2023-03-16,"5,898","1,976",437,386,323,"2,776"
2023-03-17,"5,541","1,988",368,395,300,"2,490"
2023-03-18,"5,622","1,923",354,387,325,"2,633"
2023-03-19,"5,350","1,869",330,429,269,"2,453"
2023-03-20,"2,227",688,82,112,142,"1,203"
2023-03-21,"7,739","2,836",410,535,480,"3,478"
2023-03-22,"7,904","2,718",426,500,418,"3,842"
2023-03-23,"6,991","2,463",422,399,391,"3,316"
2023-03-24,"6,369","2,190",313,400,425,"3,041"
2023-03-25,"6,493","2,266",346,369,394,"3,118"
2023-03-26,"5,840","2,205",277,366,322,"2,670"
2023-03-27,"2,453",772,98,115,148,"1,320"
2023-03-28,"7,989","3,113",396,445,446,"3,589"
2023-03-29,"7,948","2,969",358,416,403,"3,802"
2023-03-30,"6,878","2,732",310,371,384,"3,081"
2023-03-31,"6,480","2,477",348,369,321,"2,965"
2023-04-01,"6,494","2,521",280,376,343,"2,974"
2023-04-02,"6,064","2,400",252,364,310,"2,738"
2023-04-03,"2,610",842,107,144,132,"1,385"
2023-04-04,"8,832","3,584",432,411,469,"3,936"
2023-04-05,"8,884","3,351",410,496,476,"4,151"
2023-04-06,"7,538","2,879",326,373,379,"3,581"
2023-04-07,"6,717","2,664",310,337,349,"3,057"
2023-04-08,"6,449","2,584",265,319,278,"3,003"
2023-04-09,"5,944","2,285",256,322,274,"2,807"
2023-04-10,"2,384",826,107,90,87,"1,274"
2023-04-11,"8,288","3,485",378,377,333,"3,715"
2023-04-12,"8,813","3,495",420,403,367,"4,128"
2023-04-13,"7,262","2,815",358,340,350,"3,399"
2023-04-14,"7,549","3,009",362,328,370,"3,480"
2023-04-15,"7,475","2,918",326,354,334,"3,543"
2023-04-16,"6,470","2,601",305,288,301,"2,975"
2023-04-17,"3,157","1,055",125,99,139,"1,739"
2023-04-18,"10,301","4,366",415,435,471,"4,614"
2023-04-19,"10,552","4,246",437,513,489,"4,867"
2023-04-20,"9,089","3,680",405,399,443,"4,162"
2023-04-21,"8,611","3,478",384,442,421,"3,886"
2023-04-22,"8,916","3,530",399,495,451,"4,041"
2023-04-23,"7,397","2,958",368,334,350,"3,387"
2023-04-24,"3,048","1,019",125,168,141,"1,595"
2023-04-25,"9,930","4,145",486,429,485,"4,385"
2023-04-26,"10,427","4,217",535,429,445,"4,801"
2023-04-27,"9,141","3,721",486,396,372,"4,166"
2023-04-28,"8,789","3,590",510,379,405,"3,905"
2023-04-29,"9,409","3,661",598,453,416,"4,281"
2023-04-30,"8,447","3,341",523,395,435,"3,753"
2023-05-01,"3,524","1,111",184,122,155,"1,952"
2023-05-02,"10,432","3,963",712,480,490,"4,787"
2023-05-03,"13,044","5,132",759,464,666,"6,023"
2023-05-04,"12,794","4,925",775,586,619,"5,889"
2023-05-05,"11,979","4,645",777,517,582,"5,458"
2023-05-06,"7,011","2,381",471,370,298,"3,491"
2023-05-07,"9,672","3,761",681,475,471,"4,284"
2023-05-08,"4,737","1,641",268,246,227,"2,355"
2023-05-09,"14,237","5,744","1,055",591,676,"6,171"
2023-05-10,"14,742","5,620","1,022",675,703,"6,722"
2023-05-11,"12,660","4,855",862,673,591,"5,679"
2023-05-12,"12,939","5,128",930,638,607,"5,636"
2023-05-13,"12,149","4,573",958,639,569,"5,410"
2023-05-14,"10,937","4,181",785,619,537,"4,815"
2023-05-15,"4,327","1,427",271,231,182,"2,216"
2023-05-16,"15,825","6,195","1,265",786,773,"6,806"
2023-05-17,"16,355","6,043","1,299",967,719,"7,327"
2023-05-18,"13,558","5,061","1,127",816,635,"5,919"
2023-05-19,"12,316","4,632",977,700,637,"5,370"
2023-05-20,"11,530","4,370",953,691,488,"5,028"
2023-05-21,"10,646","4,194",828,516,517,"4,591"
2023-05-22,"4,161","1,269",316,328,237,"2,011"
2023-05-23,"13,906","5,361","1,324",870,639,"5,712"
2023-05-24,"14,316","5,309","1,352",886,652,"6,117"
2023-05-25,"11,954","4,432","1,140",816,565,"5,001"
2023-05-26,"11,257","4,213","1,196",731,469,"4,648"
2023-05-27,"11,026","4,078","1,235",779,460,"4,474"
2023-05-28,"6,942","2,373",580,641,338,"3,010"
2023-05-29,"4,120","1,393",363,251,227,"1,886"
2023-05-30,"8,744","3,321","1,040",409,409,"3,565"
2023-05-31,"15,931","5,984","1,667",996,701,"6,583"
2023-06-01,"15,362","5,568","1,661",954,635,"6,544"
2023-06-02,"12,488","4,710","1,452",991,629,"4,706"
2023-06-03,"11,748","4,149","1,343",990,490,"4,776"
2023-06-04,"10,110","3,748","1,219",658,438,"4,047"
2023-06-05,"3,964","1,175",388,302,169,"1,930"
2023-06-06,"12,763","4,734","1,923",835,578,"4,693"
2023-06-07,"8,789","2,785",924,810,394,"3,876"
2023-06-08,"13,077","4,865","1,789",853,591,"4,979"
2023-06-09,"13,028","4,671","1,754",912,510,"5,181"
2023-06-10,"11,085","3,861","1,494",956,437,"4,337"
2023-06-11,"9,826","3,506","1,344",725,409,"3,842"
2023-06-12,"2,693",866,231,177,104,"1,315"
2023-06-13,"13,421","4,758","2,122",903,505,"5,133"
2023-06-14,"12,531","4,207","1,762",942,491,"5,129"
2023-06-15,"10,545","3,720","1,498",776,393,"4,158"
2023-06-16,"10,122","3,548","1,551",714,396,"3,913"
2023-06-17,"10,040","3,463","1,576",810,387,"3,804"
2023-06-18,"9,298","3,212","1,419",642,338,"3,687"
2023-06-19,"3,566","1,047",407,319,152,"1,641"
2023-06-20,"12,572","4,454","1,996",896,569,"4,657"
2023-06-21,"12,501","4,267","1,868",957,503,"4,906"
2023-06-22,"10,424","3,466","1,544",875,456,"4,083"
2023-06-23,"10,040","3,510","1,547",901,406,"3,676"
2023-06-24,"10,040","3,440","1,549",813,422,"3,816"
2023-06-25,"9,851","3,334","1,403",780,414,"3,920"
2023-06-26,"3,704","1,141",384,301,137,"1,741"
2023-06-27,"13,475","4,867","2,080",995,554,"4,979"
2023-06-28,"13,061","4,615","1,923",874,552,"5,097"
2023-06-29,"11,849","4,088","1,774",971,483,"4,533"
2023-06-30,"11,474","3,838","1,810",992,488,"4,346"
2023-07-01,"11,413","3,836","1,898",991,493,"4,195"
2023-07-02,"10,500","3,479","1,678",828,452,"4,063"
2023-07-03,"4,068","1,129",516,297,210,"1,916"
2023-07-04,"16,169","5,575","2,892",995,726,"5,981"
2023-07-05,"16,028","5,328","2,741",999,742,"6,218"
2023-07-06,"14,496","4,846","2,318","1,208",655,"5,469"
2023-07-07,"15,278","5,170","2,397","1,278",696,"5,737"
2023-07-08,"15,394","5,092","2,495","1,283",706,"5,818"
2023-07-09,"13,357","4,442","1,948","1,093",593,"5,281"
2023-07-10,"5,126","1,375",681,491,292,"2,287"
2023-07-11,"19,243","6,511","3,350","1,278","1,096","7,008"
2023-07-12,"19,337","6,413","3,277","1,549",971,"7,127"
2023-07-13,"17,236","5,484","2,745","1,532",902,"6,573"
2023-07-14,"17,131","5,489","2,802","1,548",948,"6,344"
2023-07-15,"17,844","5,701","2,995","1,565",880,"6,703"
2023-07-16,"16,381","4,950","2,822","1,502",809,"6,298"
2023-07-17,"6,346","1,779",734,699,299,"2,835"
2023-07-18,"25,403","8,377","4,416","1,675","1,476","9,459"
2023-07-19,"26,295","8,204","4,271","2,288","1,406","10,126"
2023-07-20,"23,801","7,471","3,934","2,372","1,278","8,746"
2023-07-21,"23,511","7,719","3,630","2,155","1,267","8,740"
2023-07-22,"24,121","7,731","3,899","2,097","1,326","9,068"
2023-07-23,"24,254","7,904","3,941","2,183","1,255","8,971"
2023-07-24,"8,769","2,235",948,"1,438",408,"3,740"
2023-07-25,"30,795","10,222","5,575","2,144","1,670","11,184"
2023-07-26,"32,136","10,169","5,165","2,941","1,738","12,123"
2023-07-27,"29,610","9,207","4,648","2,790","1,677","11,288"
2023-07-28,"27,757","8,887","4,612","2,294","1,489","10,475"
2023-07-29,"27,890","8,755","4,386","2,606","1,569","10,574"
2023-07-30,"25,639","8,062","3,871","2,415","1,486","9,805"
2023-07-31,"9,823","2,624","1,180","1,235",484,"4,300"
2023-08-01,"34,338","11,888","5,558","1,757","2,256","12,879"
2023-08-02,"37,091","11,939","5,354","3,297","2,029","14,472"
2023-08-03,"31,923","9,998","4,450","3,420","1,837","12,218"
2023-08-04,"31,892","10,403","4,623","2,780","1,795","12,291"
2023-08-05,"30,634","9,621","4,353","2,985","1,707","11,968"
2023-08-06,"28,036","8,594","3,781","2,767","1,717","11,177"
2023-08-07,"10,788","2,996","1,164","1,256",594,"4,778"
2023-08-08,"37,254","12,332","5,112","2,909","2,231","14,670"
2023-08-09,"37,514","12,075","4,935","2,857","2,100","15,547"
2023-08-10,"31,520","10,305","3,684","2,668","1,795","13,068"
2023-08-11,"28,540","9,235","2,902","2,781","1,571","12,051"
2023-08-12,"27,293","8,558","3,422","2,212","1,604","11,497"
2023-08-13,"25,931","8,166","3,095","1,846","1,503","11,321"
2023-08-14,"9,499","2,729",676,"1,193",395,"4,506"
2023-08-15,"28,518","9,375","3,107","2,266","1,640","12,130"
2023-08-16,"20,371","5,875","1,821","2,216","1,142","9,317"
2023-08-17,"30,025","10,124","3,073","2,057","1,790","12,981"
2023-08-18,"29,100","9,492","2,765","2,158","1,726","12,959"
2023-08-19,"26,148","8,354","2,390","1,981","1,360","12,063"
2023-08-20,"22,608","7,327","2,051","1,620","1,261","10,349"
2023-08-21,"8,086","2,329",544,733,396,"4,084"
2023-08-22,"29,002","9,672","2,717","1,604","1,524","13,485"
2023-08-23,"27,031","8,823","2,441","2,251","1,570","11,946"
2023-08-24,"23,279","7,179","1,942","2,508","1,250","10,400"
2023-08-25,"21,343","6,872","1,946","1,534","1,204","9,787"
2023-08-26,"21,477","6,730","1,738","2,053","1,055","9,901"
2023-08-27,"19,096","6,012","1,543","1,903","1,046","8,592"
2023-08-28,"7,104","1,905",522,465,410,"3,802"
2023-08-29,"26,216","8,485","2,109","2,215","1,453","11,954"
2023-08-30,"23,850","7,470","1,778","2,219","1,248","11,135"
2023-08-31,"27,943","8,564","2,129","2,440","1,422","13,388"
